<?xml version="1.0" encoding="UTF-8"?>
<Configuration>
	<Properties>
		<Property name="log.pattern">%d{MM-dd HH:mm:ss.SSS} [%t] %-5level %logger{36}%n%msg%n%n</Property>
		<Property name="file.all.filename">log/all.log</Property>
		<Property name="file.all.pattern">log/all.%i.log.gz</Property>
		<Property name="file.err.filename">log/err.log</Property>
		<Property name="file.err.pattern">log/err.%i.log.gz</Property>
	</Properties>
	<Appenders>
		<Console name="console" target="SYSTEM_OUT">
			<PatternLayout pattern="${log.pattern}" />
		</Console>
		<RollingFile name="all" bufferedIO="true" fileName="${file.all.filename}"
			filePattern="${file.all.pattern}">
			<PatternLayout pattern="${log.pattern}" />
			<Policies>
				<SizeBasedTriggeringPolicy size="1 MB" />
			</Policies>
			<DefaultRolloverStrategy max="10" />
		</RollingFile>
		<RollingFile name="err" bufferedIO="true"
			fileName="${file.err.filename}" filePattern="${file.err.pattern}">
			<PatternLayout pattern="${log.pattern}" />
			<Policies>
				<SizeBasedTriggeringPolicy size="1 MB" />
			</Policies>
			<DefaultRolloverStrategy max="10" />
		</RollingFile>
	</Appenders>
	<Loggers>
		<Root level="info">
			<AppenderRef ref="console" level="info" />
			<AppenderRef ref="all" level="info" />
			<AppenderRef ref="err" level="error" />
		</Root>
	</Loggers>
</Configuration>
